Differences	 Red 	(percent) 	Green 	(percent) 	Blue 	(percent) 	Total 	(percent) 
0 	 262144 	1.000000 	262144 	1.000000 	262144 	1.000000 	262144 	1.000000 
